{"cameraMode":{"drawMode":0,"name":"Shaded","section":"Shading Mode"},"sceneLighting":true,"audioPlay":false,"sceneViewState":{"showFog":true,"showMaterialUpdate":false,"showSkybox":true,"showFlares":true,"showImageEffects":true,"showParticleSystems":true},"in2DMode":false,"pivot":{"x":0.4159659743309021,"y":2.4911386966705324,"z":1.0690503120422364},"rotation":{"x":-0.10809005796909332,"y":0.012524099089205265,"z":-0.0013608102453872562,"w":-0.99406498670578},"size":3.082719326019287,"orthographic":false}