{"cameraMode":{"drawMode":0,"name":"Shaded","section":"Shading Mode"},"sceneLighting":false,"audioPlay":false,"sceneViewState":{"showFog":true,"showMaterialUpdate":false,"showSkybox":false,"showFlares":true,"showImageEffects":true,"showParticleSystems":true},"in2DMode":false,"pivot":{"x":-0.039462149143218997,"y":0.9446314573287964,"z":0.04961405694484711},"rotation":{"x":-0.14034254848957063,"y":0.1646272987127304,"z":-0.023671621456742288,"w":-0.9760338664054871},"size":1.1588270664215088,"orthographic":false}