{"cameraMode":{"drawMode":0,"name":"Shaded","section":"Shading Mode"},"sceneLighting":true,"audioPlay":false,"sceneViewState":{"showFog":true,"showMaterialUpdate":false,"showSkybox":true,"showFlares":true,"showImageEffects":true,"showParticleSystems":true},"in2DMode":false,"pivot":{"x":-1.2148523330688477,"y":11.903580665588379,"z":-11.184646606445313},"rotation":{"x":-0.29972755908966067,"y":0.18924112617969514,"z":-0.06078816577792168,"w":-0.9330897331237793},"size":-2.1099846363067629,"orthographic":false}